{
	"order": {
		"section_teorrmgru": {
			"row_jowrndgwu": {
				"columns": {
					"column_afc0msbkm": ["content_1zthmq3m3", "content_7jsdwylc5"],
					"column_svza7g3x3": ["content_eigmfbmuo", "content_trmpjtlu2"],
					"column_t005b5hgi": ["content_a8n64c8fa", "content_obryzbcjc"]
				}
			}
		}
	},
	"section_teorrmgru": {
		"options": {},
		"layout": {
			"data-column-mode-sm": "single",
			"data-column-mode-xs": "single"
		},
		"customHeight": {
			"xl": {
				"height": "15rem"
			}
		},
		"styles": {
			"xl": {
				"background-color": "#ffffff",
				"padding-top": "6.666666666666667rem",
				"padding-bottom": "6.666666666666667rem"
			},
			"xs": {
				"padding-top": "4.444444444444445rem",
				"padding-bottom": "4.444444444444445rem"
			}
		},
		"motions": {
			"active": {},
			"start": {},
			"end": {}
		}
	},
	"column_afc0msbkm": {
		"width": {
			"xl": 4
		},
		"options": {},
		"layout": {},
		"styles": {
			"xl": {}
		},
		"motions": {
			"active": {},
			"start": {},
			"end": {}
		}
	},
	"content_1zthmq3m3": {
		"content": {
			"xl": "semplice_columns_7.jpg"
		},
		"module": "image",
		"options": {},
		"styles": {
			"xl": {}
		},
		"motions": {
			"active": {},
			"start": {},
			"end": {}
		}
	},
	"content_7jsdwylc5": {
		"content": {
			"xl": "<p><span class=\"inter_regular\">Hey there, this is the default text for a new paragraph. Feel free to edit this paragraph by clicking on the yellow edit icon.</span></p>"
		},
		"module": "text",
		"options": {},
		"styles": {
			"xl": {
				"padding-top": "1.6666666666666667rem"
			},
			"sm": {
				"padding-bottom": "3.3333333333333335rem"
			},
			"xs": {
				"padding-bottom": "3.3333333333333335rem"
			}
		},
		"motions": {
			"active": {},
			"start": {},
			"end": {}
		}
	},
	"column_svza7g3x3": {
		"width": {
			"xl": 4
		},
		"options": {},
		"layout": {},
		"styles": {
			"xl": {}
		},
		"motions": {
			"active": {},
			"start": {},
			"end": {}
		}
	},
	"content_eigmfbmuo": {
		"content": {
			"xl": "semplice_columns_8.jpg"
		},
		"module": "image",
		"options": {},
		"styles": {
			"xl": {}
		},
		"motions": {
			"active": {},
			"start": {},
			"end": {}
		}
	},
	"content_trmpjtlu2": {
		"content": {
			"xl": "<p><span class=\"inter_regular\">After you are done just click on the yellow checkmark button on the top right. Have Fun!</span></p>"
		},
		"module": "text",
		"options": {},
		"styles": {
			"xl": {
				"padding-top": "1.6666666666666667rem"
			},
			"sm": {
				"padding-bottom": "3.3333333333333335rem"
			},
			"xs": {
				"padding-bottom": "3.3333333333333335rem"
			}
		},
		"motions": {
			"active": {},
			"start": {},
			"end": {}
		}
	},
	"column_t005b5hgi": {
		"width": {
			"xl": 4
		},
		"options": {},
		"layout": {},
		"styles": {
			"xl": {}
		},
		"motions": {
			"active": {},
			"start": {},
			"end": {}
		}
	},
	"content_a8n64c8fa": {
		"content": {
			"xl": "semplice_columns_9.jpg"
		},
		"module": "image",
		"options": {},
		"styles": {
			"xl": {}
		},
		"motions": {
			"active": {},
			"start": {},
			"end": {}
		}
	},
	"content_obryzbcjc": {
		"content": {
			"xl": "<p><span class=\"inter_regular\">Hey there, this is the default text for a new paragraph. Feel free to edit this paragraph by clicking on the yellow edit icon.</span></p>"
		},
		"module": "text",
		"options": {},
		"styles": {
			"xl": {
				"padding-top": "1.6666666666666667rem"
			}
		},
		"motions": {
			"active": {},
			"start": {},
			"end": {}
		}
	}
}