{
	"order": {
		"section_1qtg5kkkp": {
			"row_ybjjnup85": {
				"columns": {
					"column_odc4xxiu9": ["content_kryobvskt", "content_t8242u8qm"],
					"column_tg33b8e8w": ["content_gi88gi2pk"]
				}
			}
		}
	},
	"section_1qtg5kkkp": {
		"options": {},
		"layout": {
			"data-column-mode-sm": "single",
			"data-column-mode-xs": "single",
			"data-layout": "fluid",
			"data-gutter": "no",
			"data-valign": "center"
		},
		"customHeight": {
			"xl": {
				"height": "15rem"
			}
		},
		"styles": {
			"xl": {
				"background-color": "#ffffff"
			}
		},
		"motions": {
			"active": {},
			"start": {},
			"end": {}
		}
	},
	"column_odc4xxiu9": {
		"width": {
			"xl": "6"
		},
		"options": {},
		"layout": {},
		"styles": {
			"xl": {}
		},
		"motions": {
			"active": {},
			"start": {},
			"end": {}
		}
	},
	"content_kryobvskt": {
		"content": {
			"xl": "<p style=\"text-align: center; font-size: 8rem; line-height: 8rem;\" data-mce-style=\"text-align: center; font-size: 8rem; line-height: 8rem;\" data-font-size-xl=\"8.000rem\" data-line-height-xl=\"8.000rem\" data-font-size-md=\"5.444rem\" data-line-height-md=\"5.444rem\" data-font-size-xs=\"4.778rem\" data-line-height-xs=\"4.778rem\" data-font-size-lg=\"7.111rem\" data-line-height-lg=\"7.111rem\"><span class=\"inter_bold\" style=\"letter-spacing: -0.167rem;\" data-mce-style=\"letter-spacing: -0.167rem;\" data-letter-spacing-xl=\"-0.167rem\">Home</span></p>"
		},
		"module": "text",
		"options": {},
		"styles": {
			"xl": {
				"padding-right": "3.3333333333333335rem",
				"padding-left": "3.3333333333333335rem"
			},
			"sm": {
				"padding-top": "3.3333333333333335rem"
			},
			"xs": {
				"padding-top": "4.444444444444445rem",
				"padding-right": "1.6666666666666667rem",
				"padding-left": "1.6666666666666667rem"
			},
			"md": {
				"padding-right": "1.6666666666666667rem",
				"padding-left": "1.6666666666666667rem"
			}
		},
		"motions": {
			"active": {},
			"start": {},
			"end": {}
		}
	},
	"content_t8242u8qm": {
		"content": {
			"xl": "<p style=\"text-align: center;\" data-mce-style=\"text-align: center;\"><span class=\"inter_regular\">Hey there, this is the default text for a new paragraph. Feel free to edit this paragraph by clicking on the yellow edit icon. After you are done just click on the yellow checkmark button on the top right. Have Fun!</span></p>"
		},
		"module": "text",
		"options": {},
		"styles": {
			"xl": {
				"padding-right": "8.88888888888889rem",
				"padding-left": "8.88888888888889rem",
				"padding-top": "1.1111111111111112rem"
			},
			"lg": {
				"padding-right": "5.555555555555555rem",
				"padding-left": "5.555555555555555rem"
			},
			"md": {
				"padding-right": "3.3333333333333335rem",
				"padding-left": "3.3333333333333335rem"
			},
			"sm": {
				"padding-right": "5.555555555555555rem",
				"padding-left": "5.555555555555555rem",
				"padding-bottom": "1.6666666666666667rem"
			},
			"xs": {
				"padding-right": "1.6666666666666667rem",
				"padding-left": "1.6666666666666667rem",
				"padding-bottom": "1.6666666666666667rem"
			}
		},
		"motions": {
			"active": {},
			"start": {},
			"end": {}
		}
	},
	"column_tg33b8e8w": {
		"width": {
			"xl": "6"
		},
		"options": {},
		"layout": {},
		"styles": {
			"xl": {}
		},
		"motions": {
			"active": {},
			"start": {},
			"end": {}
		}
	},
	"content_gi88gi2pk": {
		"content": {
			"xl": "semplice_fiftyfifty_3.jpg"
		},
		"module": "image",
		"options": {},
		"styles": {
			"xl": {}
		},
		"motions": {
			"active": {},
			"start": {},
			"end": {}
		}
	}
}