{
	"order": {
		"section_49m9njeo2": {
			"row_xdf0i36cv": {
				"columns": {
					"column_8h53k6kqu": ["content_6bt6vaz3p"],
					"column_eikiqjutu": ["content_te9xn3xt2", "content_art5va0nh"]
				}
			}
		}
	},
	"section_49m9njeo2": {
		"options": {},
		"layout": {
			"data-column-mode-sm": "single",
			"data-column-mode-xs": "single",
			"data-layout": "fluid",
			"data-gutter": "no",
			"data-valign": "bottom"
		},
		"customHeight": {
			"xl": {
				"height": "15rem"
			}
		},
		"styles": {
			"xl": {
				"background-color": "#e9af93"
			},
			"lg": {}
		},
		"motions": {
			"active": {},
			"start": {},
			"end": {}
		}
	},
	"column_8h53k6kqu": {
		"width": {
			"xl": "6"
		},
		"options": {},
		"layout": {},
		"styles": {
			"xl": {},
			"lg": {}
		},
		"motions": {
			"active": {},
			"start": {},
			"end": {}
		}
	},
	"content_6bt6vaz3p": {
		"content": {
			"xl": "semplice_fiftyfifty_1.jpg"
		},
		"module": "image",
		"options": {
			"width": "grid-width"
		},
		"styles": {
			"xl": {},
			"lg": {}
		},
		"motions": {
			"active": {},
			"start": {},
			"end": {}
		}
	},
	"column_eikiqjutu": {
		"width": {
			"xl": "6"
		},
		"options": {},
		"layout": {},
		"styles": {
			"xl": {},
			"lg": {}
		},
		"motions": {
			"active": {},
			"start": {},
			"end": {}
		}
	},
	"content_te9xn3xt2": {
		"content": {
			"xl": "<p style=\"font-size: 4.778rem; line-height: 4.778rem; text-align: left;\" data-mce-style=\"font-size: 4.778rem; line-height: 4.778rem; text-align: left;\" data-font-size-xl=\"4.778rem\" data-line-height-xl=\"4.778rem\" data-font-size-md=\"3.778rem\" data-line-height-md=\"3.778rem\" data-font-size-xs=\"3.778rem\" data-line-height-xs=\"3.778rem\" data-font-size-lg=\"4.000rem\" data-line-height-lg=\"4.000rem\"><span class=\"inter_bold\" style=\"letter-spacing: -0.167rem; color: rgb(72, 36, 20);\" data-mce-style=\"letter-spacing: -0.167rem; color: rgb(72, 36, 20);\" data-letter-spacing-xl=\"-0.167rem\">Portrait Series</span></p>"
		},
		"module": "text",
		"options": {},
		"styles": {
			"xl": {
				"padding-right": "8.88888888888889rem",
				"padding-left": "3.3333333333333335rem"
			},
			"sm": {
				"padding-top": "3.3333333333333335rem",
				"padding-right": "5.555555555555555rem",
				"padding-left": "3.3333333333333335rem"
			},
			"xs": {
				"padding-top": "1.6666666666666667rem",
				"padding-right": "1.6666666666666667rem",
				"padding-left": "1.6666666666666667rem"
			},
			"md": {
				"padding-right": "1.6666666666666667rem",
				"padding-left": "1.6666666666666667rem"
			},
			"lg": {
				"padding-right": "3.3333333333333335rem",
				"padding-left": "3.3333333333333335rem"
			}
		},
		"motions": {
			"active": {},
			"start": {},
			"end": {}
		}
	},
	"content_art5va0nh": {
		"content": {
			"xl": "<p style=\"text-align: left;\" data-mce-style=\"text-align: left;\"><span class=\"inter_regular\" style=\"color: rgb(72, 36, 20);\" data-mce-style=\"color: #482414;\">Hey there, this is the default text for a new paragraph. Feel free to edit this paragraph by clicking on the yellow edit icon. After you are done just click on the yellow checkmark button on the top right. Have Fun!</span></p>"
		},
		"module": "text",
		"options": {},
		"styles": {
			"xl": {
				"padding-right": "8.88888888888889rem",
				"padding-left": "3.3333333333333335rem",
				"padding-top": "1.1111111111111112rem",
				"padding-bottom": "3.3333333333333335rem"
			},
			"md": {
				"padding-right": "1.6666666666666667rem",
				"padding-left": "1.6666666666666667rem"
			},
			"sm": {
				"padding-right": "5.555555555555555rem",
				"padding-left": "3.3333333333333335rem",
				"padding-bottom": "3.3333333333333335rem"
			},
			"xs": {
				"padding-right": "1.6666666666666667rem",
				"padding-left": "1.6666666666666667rem",
				"padding-bottom": "1.6666666666666667rem"
			},
			"lg": {
				"padding-right": "5.555555555555555rem",
				"padding-left": "3.3333333333333335rem",
				"padding-top": "1.1111111111111112rem",
				"padding-bottom": "3.3333333333333335rem"
			}
		},
		"motions": {
			"active": {},
			"start": {},
			"end": {}
		}
	}
}