{
	"order": {
		"section_84yd709en": {
			"row_ylgcedv9h": {
				"columns": {
					"column_o85jias6t": ["content_7rtiozv8l"],
					"column_s5l21q760": ["content_jsdu5lrco", "content_6jf8e6qyu", "content_rpwghlqah", "content_3wousfqd4"]
				}
			}
		}
	},
	"section_84yd709en": {
		"options": {},
		"layout": {
			"data-column-mode-sm": "single",
			"data-column-mode-xs": "single",
			"data-layout": "fluid",
			"data-gutter": "no",
			"data-valign": "center"
		},
		"customHeight": {
			"xl": {
				"height": "15rem"
			}
		},
		"styles": {
			"xl": {
				"background-color": "#d7e8e9"
			}
		},
		"motions": {
			"active": {},
			"start": {},
			"end": {}
		}
	},
	"column_o85jias6t": {
		"width": {
			"xl": "6"
		},
		"options": {},
		"layout": {},
		"styles": {
			"xl": {}
		},
		"motions": {
			"active": {},
			"start": {},
			"end": {}
		}
	},
	"content_7rtiozv8l": {
		"content": {
			"xl": "semplice_fiftyfifty_2.jpg"
		},
		"module": "image",
		"options": {},
		"styles": {
			"xl": {}
		},
		"motions": {
			"active": {},
			"start": {},
			"end": {}
		}
	},
	"column_s5l21q760": {
		"width": {
			"xl": "6"
		},
		"options": {},
		"layout": {},
		"styles": {
			"xl": {}
		},
		"motions": {
			"active": {},
			"start": {},
			"end": {}
		}
	},
	"content_jsdu5lrco": {
		"content": {
			"xl": "semplice_fiftyfifty_5.svg"
		},
		"module": "image",
		"options": {
			"align": "center"
		},
		"styles": {
			"xl": {},
			"sm": {
				"padding-top": "3.3333333333333335rem"
			},
			"xs": {
				"padding-top": "3.3333333333333335rem"
			}
		},
		"motions": {
			"active": {},
			"start": {},
			"end": {}
		}
	},
	"content_6jf8e6qyu": {
		"content": {
			"xl": "<p style=\"text-align: center; font-size: 4.556rem; line-height: 4.556rem;\" data-mce-style=\"text-align: center; font-size: 4.556rem; line-height: 4.556rem;\" data-font-size-xl=\"6.556rem\" data-line-height-xl=\"6.556rem\" data-font-size-md=\"4.556rem\" data-line-height-md=\"4.556rem\" data-font-size-xs=\"4.556rem\" data-line-height-xs=\"4.556rem\" data-font-size-lg=\"5.333rem\" data-line-height-lg=\"5.333rem\"><span class=\"inter_bold\" style=\"letter-spacing: -0.167rem; color: rgb(35, 79, 83);\" data-mce-style=\"letter-spacing: -0.167rem; color: rgb(35, 79, 83);\" data-letter-spacing-xl=\"-0.167rem\">Summer Vibes</span></p>"
		},
		"module": "text",
		"options": {},
		"styles": {
			"xl": {
				"padding-right": "3.3333333333333335rem",
				"padding-left": "3.3333333333333335rem"
			},
			"sm": {
				"padding-top": "1.6666666666666667rem"
			},
			"xs": {
				"padding-top": "1.6666666666666667rem",
				"padding-right": "1.6666666666666667rem",
				"padding-left": "1.6666666666666667rem"
			},
			"md": {
				"padding-right": "1.6666666666666667rem",
				"padding-left": "1.6666666666666667rem"
			}
		},
		"motions": {
			"active": {},
			"start": {},
			"end": {}
		}
	},
	"content_rpwghlqah": {
		"content": {
			"xl": "<p style=\"text-align: center;\" data-mce-style=\"text-align: center;\"><span class=\"inter_regular\">Hey there, this is the default text for a new paragraph. Feel free to edit this paragraph by clicking on the yellow edit icon.</span></p>"
		},
		"module": "text",
		"options": {},
		"styles": {
			"xl": {
				"padding-right": "8.88888888888889rem",
				"padding-left": "8.88888888888889rem",
				"padding-top": "1.1111111111111112rem",
				"padding-bottom": "1.6666666666666667rem"
			},
			"lg": {
				"padding-right": "5.555555555555555rem",
				"padding-left": "5.555555555555555rem"
			},
			"md": {
				"padding-right": "3.3333333333333335rem",
				"padding-left": "3.3333333333333335rem"
			},
			"sm": {
				"padding-right": "5.555555555555555rem",
				"padding-left": "5.555555555555555rem",
				"padding-bottom": "1.6666666666666667rem"
			},
			"xs": {
				"padding-right": "1.6666666666666667rem",
				"padding-left": "1.6666666666666667rem",
				"padding-bottom": "1.6666666666666667rem"
			}
		},
		"motions": {
			"active": {},
			"start": {},
			"end": {}
		}
	},
	"content_3wousfqd4": {
		"content": {
			"xl": "semplice_fiftyfifty_5.svg"
		},
		"module": "image",
		"options": {
			"align": "center"
		},
		"styles": {
			"xl": {},
			"sm": {
				"padding-bottom": "3.3333333333333335rem"
			},
			"xs": {
				"padding-bottom": "3.3333333333333335rem"
			}
		},
		"motions": {
			"active": {},
			"start": {},
			"end": {}
		}
	}
}