{
	"order": {
		"section_4c1titjdx": {
			"row_jo6mhancn": {
				"columns": {
					"column_ztg1ij0tn": ["content_fv5ooyse7", "content_4wi4qh0j9"],
					"column_2v62sl88j": ["content_01oq4vizi"]
				}
			}
		}
	},
	"section_4c1titjdx": {
		"options": {},
		"layout": {
			"data-column-mode-sm": "single",
			"data-column-mode-xs": "single",
			"data-layout": "fluid",
			"data-gutter": "no",
			"data-valign": "bottom"
		},
		"customHeight": {
			"xl": {
				"height": "15rem"
			}
		},
		"styles": {
			"xl": {
				"background-color": "#ffffff"
			},
			"lg": {}
		},
		"motions": {
			"active": {},
			"start": {},
			"end": {}
		}
	},
	"column_ztg1ij0tn": {
		"width": {
			"xl": "6"
		},
		"options": {},
		"layout": {},
		"styles": {
			"xl": {},
			"lg": {}
		},
		"motions": {
			"active": {},
			"start": {},
			"end": {}
		}
	},
	"content_fv5ooyse7": {
		"content": {
			"xl": "<p style=\"font-size: 3.778rem; line-height: 3.778rem; text-align: left;\" data-mce-style=\"font-size: 3.778rem; line-height: 3.778rem; text-align: left;\" data-font-size-xl=\"4.778rem\" data-line-height-xl=\"4.778rem\" data-font-size-md=\"3.778rem\" data-line-height-md=\"3.778rem\" data-font-size-xs=\"3.778rem\" data-line-height-xs=\"3.778rem\" data-font-size-lg=\"4.000rem\" data-line-height-lg=\"4.000rem\"><span class=\"inter_bold\" style=\"letter-spacing: -0.167rem;\" data-mce-style=\"letter-spacing: -0.167rem;\" data-letter-spacing-xl=\"-0.167rem\">Branding</span></p>"
		},
		"module": "text",
		"options": {},
		"styles": {
			"xl": {
				"padding-right": "3.3333333333333335rem",
				"padding-left": "3.3333333333333335rem"
			},
			"sm": {
				"padding-top": "3.3333333333333335rem",
				"padding-right": "5.555555555555555rem",
				"padding-left": "3.3333333333333335rem"
			},
			"xs": {
				"padding-top": "4.444444444444445rem",
				"padding-right": "1.6666666666666667rem",
				"padding-left": "1.6666666666666667rem"
			},
			"md": {
				"padding-right": "1.6666666666666667rem",
				"padding-left": "1.6666666666666667rem"
			},
			"lg": {
				"padding-right": "3.3333333333333335rem",
				"padding-left": "3.3333333333333335rem"
			}
		},
		"motions": {
			"active": {},
			"start": {},
			"end": {}
		}
	},
	"content_4wi4qh0j9": {
		"content": {
			"xl": "<p style=\"text-align: left;\" data-mce-style=\"text-align: left;\"><span class=\"inter_regular\">Hey there, this is the default text for a new paragraph. Feel free to edit this paragraph by clicking on the yellow edit icon. After you are done just click on the yellow checkmark button on the top right. Have Fun!</span></p>"
		},
		"module": "text",
		"options": {},
		"styles": {
			"xl": {
				"padding-right": "8.88888888888889rem",
				"padding-left": "3.3333333333333335rem",
				"padding-top": "1.1111111111111112rem",
				"padding-bottom": "3.3333333333333335rem"
			},
			"md": {
				"padding-right": "1.6666666666666667rem",
				"padding-left": "1.6666666666666667rem"
			},
			"sm": {
				"padding-right": "5.555555555555555rem",
				"padding-left": "3.3333333333333335rem",
				"padding-bottom": "1.6666666666666667rem"
			},
			"xs": {
				"padding-right": "1.6666666666666667rem",
				"padding-left": "1.6666666666666667rem",
				"padding-bottom": "1.6666666666666667rem"
			},
			"lg": {
				"padding-right": "5.555555555555555rem",
				"padding-left": "3.3333333333333335rem",
				"padding-top": "1.1111111111111112rem",
				"padding-bottom": "3.3333333333333335rem"
			}
		},
		"motions": {
			"active": {},
			"start": {},
			"end": {}
		}
	},
	"column_2v62sl88j": {
		"width": {
			"xl": "6"
		},
		"options": {},
		"layout": {},
		"styles": {
			"xl": {},
			"lg": {}
		},
		"motions": {
			"active": {},
			"start": {},
			"end": {}
		}
	},
	"content_01oq4vizi": {
		"content": {
			"xl": "semplice_fiftyfifty_4.jpg"
		},
		"module": "image",
		"options": {},
		"styles": {
			"xl": {},
			"lg": {}
		},
		"motions": {
			"active": {},
			"start": {},
			"end": {}
		}
	}
}