{
	"order": {
		"section_gux4c2ret": {
			"row_zl2wve8z6": {
				"columns": {
					"column_nspwys6oj": [],
					"column_ml6eaf88y": ["content_zuhjkbuhs", "content_2gywxcbf3"],
					"column_rfwx3ojkf": [],
					"column_xn2xjscxw": ["content_o6froykas"]
				}
			},
			"row_z0n9w5n3s": {
				"columns": {
					"column_0kwl2txdi": ["content_jbxiwhqmd"],
					"column_4ga4xjquq": [],
					"column_rat04g45h": ["content_dwhid74my"]
				}
			},
			"row_9dz6vx4gs": {
				"columns": {
					"column_x5aw66kov": ["content_18hkjz94t"]
				}
			},
			"row_xa6ywguni": {
				"columns": {
					"column_zvf22yfss": ["content_bbuvqthyq"],
					"column_dsuwwmqgi": [],
					"column_5as22lh1m": ["content_n50qvaqdu"]
				}
			}
		}
	},
	"section_gux4c2ret": {
		"options": {},
		"layout": {
			"data-column-mode-sm": "single",
			"data-column-mode-xs": "single",
			"data-layout": "fluid",
			"data-gutter": "no",
			"data-justify": "center",
			"data-valign": "center"
		},
		"customHeight": {
			"xl": {
				"height": "15rem"
			}
		},
		"styles": {
			"xl": {
				"background-color": "#716962",
				"padding-bottom": "5rem"
			},
			"xs": {
				"padding-bottom": "0rem"
			},
			"sm": {
				"padding-bottom": "0rem"
			}
		},
		"motions": {
			"active": {},
			"start": {},
			"end": {}
		}
	},
	"column_nspwys6oj": {
		"width": {
			"xl": "1"
		},
		"options": {},
		"layout": {},
		"styles": {
			"xl": {}
		},
		"motions": {
			"active": {},
			"start": {},
			"end": {}
		},
		"type": "spacer"
	},
	"column_ml6eaf88y": {
		"width": {
			"xl": "4",
			"lg": "5",
			"md": "5"
		},
		"options": {},
		"layout": {},
		"styles": {
			"xl": {}
		},
		"motions": {
			"active": {},
			"start": {},
			"end": {}
		}
	},
	"content_zuhjkbuhs": {
		"content": {
			"xl": "<p style=\"font-size: 5.333rem; line-height: 5.333rem;\" data-mce-style=\"font-size: 5.333rem; line-height: 5.333rem;\" data-font-size-xl=\"6.556rem\" data-line-height-xl=\"6.556rem\" data-font-size-xs=\"4.778rem\" data-line-height-xs=\"4.778rem\" data-font-size-sm=\"4.778rem\" data-line-height-sm=\"4.778rem\" data-font-size-md=\"5.333rem\" data-line-height-md=\"5.333rem\"><span class=\"inter_bold\" style=\"letter-spacing: -0.111rem; color: rgb(255, 255, 255);\" data-mce-style=\"letter-spacing: -0.111rem; color: rgb(255, 255, 255);\" data-letter-spacing-xl=\"-0.111rem\">Space</span></p>"
		},
		"module": "text",
		"options": {},
		"styles": {
			"xl": {},
			"sm": {
				"padding-left": "1.6666666666666667rem",
				"padding-right": "1.6666666666666667rem"
			},
			"xs": {
				"padding-left": "1.6666666666666667rem",
				"padding-right": "1.6666666666666667rem"
			}
		},
		"motions": {
			"active": {},
			"start": {},
			"end": {}
		}
	},
	"content_2gywxcbf3": {
		"content": {
			"xl": "<p><span style=\"color: rgb(255, 255, 255);\" data-mce-style=\"color: rgb(255, 255, 255);\">Hey there, this is the default text for a new paragraph. Feel free to edit this paragraph by clicking on the yellow edit icon. After you are done just click on the yellow checkmark button on the top right. Have Fun!</span></p>"
		},
		"module": "text",
		"options": {},
		"styles": {
			"xl": {
				"padding-top": "1.6666666666666667rem"
			},
			"lg": {
				"padding-right": "1.6666666666666667rem"
			},
			"md": {
				"padding-right": "1.6666666666666667rem"
			},
			"sm": {
				"padding-right": "1.6666666666666667rem",
				"padding-left": "1.6666666666666667rem",
				"padding-bottom": "1.6666666666666667rem"
			},
			"xs": {
				"padding-right": "1.6666666666666667rem",
				"padding-left": "1.6666666666666667rem",
				"padding-bottom": "1.6666666666666667rem"
			}
		},
		"motions": {
			"active": {},
			"start": {},
			"end": {}
		}
	},
	"column_rfwx3ojkf": {
		"width": {
			"xl": "1",
			"lg": "1",
			"md": "1"
		},
		"options": {},
		"layout": {},
		"styles": {
			"xl": {}
		},
		"motions": {
			"active": {},
			"start": {},
			"end": {}
		},
		"type": "spacer"
	},
	"column_xn2xjscxw": {
		"width": {
			"xl": "6",
			"lg": "6",
			"md": "6"
		},
		"options": {},
		"layout": {
			"data-valign": "center"
		},
		"styles": {
			"xl": {}
		},
		"motions": {
			"active": {},
			"start": {},
			"end": {}
		}
	},
	"content_o6froykas": {
		"content": {
			"xl": "semplice_fluidgrid_3.jpg"
		},
		"module": "image",
		"options": {},
		"styles": {
			"xl": {
				"padding-bottom": "1.6666666666666667rem"
			}
		},
		"motions": {
			"active": {},
			"start": {},
			"end": {}
		}
	},
	"column_0kwl2txdi": {
		"width": {
			"xl": "4"
		},
		"options": {},
		"layout": {},
		"styles": {
			"xl": {}
		},
		"motions": {
			"active": {},
			"start": {},
			"end": {}
		}
	},
	"content_jbxiwhqmd": {
		"content": {
			"xl": "semplice_fluidgrid_5.jpg"
		},
		"module": "image",
		"options": {},
		"styles": {
			"xl": {
				"padding-bottom": "1.6666666666666667rem"
			}
		},
		"motions": {
			"active": {},
			"start": {},
			"end": {}
		}
	},
	"column_4ga4xjquq": {
		"width": {
			"xl": "4"
		},
		"options": {},
		"layout": {},
		"styles": {
			"xl": {}
		},
		"motions": {
			"active": {},
			"start": {},
			"end": {}
		},
		"type": "spacer"
	},
	"column_rat04g45h": {
		"width": {
			"xl": "4"
		},
		"options": {},
		"layout": {},
		"styles": {
			"xl": {}
		},
		"motions": {
			"active": {},
			"start": {},
			"end": {}
		}
	},
	"content_dwhid74my": {
		"content": {
			"xl": "semplice_fluidgrid_4.jpg"
		},
		"module": "image",
		"options": {
			"width": "grid-width"
		},
		"styles": {
			"xl": {
				"padding-top": "6.666666666666667rem"
			},
			"sm": {
				"padding-top": "0rem",
				"padding-bottom": "1.6666666666666667rem"
			},
			"xs": {
				"padding-top": "0rem",
				"padding-bottom": "1.6666666666666667rem"
			}
		},
		"motions": {
			"active": {},
			"start": {},
			"end": {}
		}
	},
	"column_x5aw66kov": {
		"width": {
			"xl": "7"
		},
		"options": {},
		"layout": {},
		"styles": {
			"xl": {}
		},
		"motions": {
			"active": {},
			"start": {},
			"end": {}
		}
	},
	"content_18hkjz94t": {
		"content": {
			"xl": "semplice_fluidgrid_6.jpg"
		},
		"module": "image",
		"options": {
			"align": "center",
			"width": "grid-width"
		},
		"styles": {
			"xl": {
				"padding-top": "6.666666666666667rem",
				"padding-bottom": "1.6666666666666667rem"
			}
		},
		"motions": {
			"active": {},
			"start": {},
			"end": {}
		}
	},
	"column_zvf22yfss": {
		"width": {
			"xl": "4"
		},
		"options": {},
		"layout": {},
		"styles": {
			"xl": {}
		},
		"motions": {
			"active": {},
			"start": {},
			"end": {}
		}
	},
	"content_bbuvqthyq": {
		"content": {
			"xl": "semplice_fluidgrid_8.jpg"
		},
		"module": "image",
		"options": {},
		"styles": {
			"xl": {
				"padding-bottom": "1.6666666666666667rem",
				"padding-top": "10rem"
			},
			"xs": {
				"padding-top": "0rem"
			},
			"sm": {
				"padding-top": "0rem"
			}
		},
		"motions": {
			"active": {},
			"start": {},
			"end": {}
		}
	},
	"column_dsuwwmqgi": {
		"width": {
			"xl": "4"
		},
		"options": {},
		"layout": {},
		"styles": {
			"xl": {}
		},
		"motions": {
			"active": {},
			"start": {},
			"end": {}
		},
		"type": "spacer"
	},
	"column_5as22lh1m": {
		"width": {
			"xl": "4"
		},
		"options": {},
		"layout": {},
		"styles": {
			"xl": {}
		},
		"motions": {
			"active": {},
			"start": {},
			"end": {}
		}
	},
	"content_n50qvaqdu": {
		"content": {
			"xl": "semplice_fluidgrid_7.jpg"
		},
		"module": "image",
		"options": {
			"width": "grid-width"
		},
		"styles": {
			"xl": {
				"padding-top": "0rem"
			}
		},
		"motions": {
			"active": {},
			"start": {},
			"end": {}
		}
	}
}