{
	"order": {
		"section_jt07agirj": {
			"row_yiz338nhu": {
				"columns": {
					"column_bm6sxfd30": ["content_h117nafih", "content_v0kbwfs7x"]
				}
			},
			"row_lqfkvtxle": {
				"columns": {
					"column_bqp8ame8y": ["content_qrj9i8zvv"],
					"column_ujbfhv5ly": ["content_ipo4ujnyj"],
					"column_p8qtix8o0": ["content_po8laai85"]
				}
			},
			"row_tjf069rt5": {
				"columns": {
					"column_s6j1llyrb": ["content_cqnjp9cfp"],
					"column_ygvac0kjn": ["content_mv73vwnbq"],
					"column_gz8sb5dj5": ["content_1hx6zd1rr"]
				}
			}
		}
	},
	"section_jt07agirj": {
		"options": {},
		"layout": {
			"data-column-mode-sm": "single",
			"data-column-mode-xs": "single",
			"data-justify": "center"
		},
		"customHeight": {
			"xl": {
				"height": "15rem"
			}
		},
		"styles": {
			"xl": {
				"background-color": "#020202",
				"padding-bottom": "4.444444444444445rem",
				"padding-top": "4.444444444444445rem"
			}
		},
		"motions": {
			"active": {},
			"start": {},
			"end": {}
		}
	},
	"column_bm6sxfd30": {
		"width": {
			"xl": "7"
		},
		"options": {},
		"layout": {},
		"styles": {
			"xl": {}
		},
		"motions": {
			"active": {},
			"start": {},
			"end": {}
		}
	},
	"content_h117nafih": {
		"content": {
			"xl": "semplice_footer_1.svg"
		},
		"module": "image",
		"options": {
			"align": "center"
		},
		"styles": {
			"xl": {
				"padding-top": "0rem"
			}
		},
		"motions": {
			"active": {},
			"start": {},
			"end": {}
		}
	},
	"content_v0kbwfs7x": {
		"content": {
			"xl": "<p style=\"text-align: center; font-size: 2.333rem; line-height: 2.667rem;\" data-mce-style=\"text-align: center; font-size: 2.333rem; line-height: 2.667rem;\" data-font-size-xl=\"2.333rem\" data-line-height-xl=\"2.667rem\"><span class=\"inter_bold\" style=\"color: rgb(255, 255, 255);\" data-mce-style=\"color: rgb(255, 255, 255);\">Interested in working together? Get in touch!</span></p>"
		},
		"module": "text",
		"options": {},
		"styles": {
			"xl": {
				"padding-top": "1.6666666666666667rem",
				"padding-bottom": "5rem"
			}
		},
		"motions": {
			"active": {},
			"start": {},
			"end": {}
		}
	},
	"column_bqp8ame8y": {
		"width": {
			"xl": "4"
		},
		"options": {},
		"layout": {},
		"styles": {
			"xl": {}
		},
		"motions": {
			"active": {},
			"start": {},
			"end": {}
		}
	},
	"content_qrj9i8zvv": {
		"content": {
			"xl": "<p style=\"font-size: 1rem; text-align: center;\" data-mce-style=\"font-size: 1rem; text-align: center;\" data-font-size-xl=\"1.333rem\" data-font-size-md=\"1.000rem\"><span style=\"color: rgb(255, 255, 255);\" data-mce-style=\"color: rgb(255, 255, 255);\" class=\"inter_bold\">Ditte T. Svendsen</span><br><span style=\"color: rgb(255, 255, 255);\" data-mce-style=\"color: rgb(255, 255, 255);\" class=\"inter_regular\">Co-founder</span><br><span style=\"color: rgb(255, 255, 255);\" data-mce-style=\"color: rgb(255, 255, 255);\" class=\"inter_regular\">+01 123 45 678</span><br><span style=\"text-decoration: underline;\" data-mce-style=\"text-decoration: underline;\"><span style=\"color: rgb(255, 255, 255); text-decoration: underline;\" data-mce-style=\"color: rgb(255, 255, 255); text-decoration: underline;\" class=\"inter_regular\">ditte@email.com</span></span></p>"
		},
		"module": "text",
		"options": {},
		"styles": {
			"xl": {
				"padding-top": "1.6666666666666667rem",
				"padding-bottom": "1.6666666666666667rem"
			}
		},
		"motions": {
			"active": {},
			"start": {},
			"end": {}
		}
	},
	"column_ujbfhv5ly": {
		"width": {
			"xl": "4"
		},
		"options": {},
		"layout": {},
		"styles": {
			"xl": {}
		},
		"motions": {
			"active": {},
			"start": {},
			"end": {}
		}
	},
	"content_ipo4ujnyj": {
		"content": {
			"xl": "<p style=\"font-size: 1rem; text-align: center;\" data-mce-style=\"font-size: 1rem; text-align: center;\" data-font-size-xl=\"1.333rem\" data-font-size-md=\"1.000rem\"><span style=\"color: rgb(255, 255, 255);\" data-mce-style=\"color: rgb(255, 255, 255);\" class=\"inter_bold\">Dominik Walter<br><span class=\"inter_regular\">HR</span><br><span class=\"inter_regular\">+01 123 45 678</span><br><span style=\"text-decoration: underline;\" data-mce-style=\"text-decoration: underline;\"><span class=\"inter_regular\">dominik@email.com</span></span></span></p>"
		},
		"module": "text",
		"options": {},
		"styles": {
			"xl": {
				"padding-top": "1.6666666666666667rem",
				"padding-bottom": "1.6666666666666667rem"
			}
		},
		"motions": {
			"active": {},
			"start": {},
			"end": {}
		}
	},
	"column_p8qtix8o0": {
		"width": {
			"xl": "4"
		},
		"options": {},
		"layout": {},
		"styles": {
			"xl": {}
		},
		"motions": {
			"active": {},
			"start": {},
			"end": {}
		}
	},
	"content_po8laai85": {
		"content": {
			"xl": "<p style=\"font-size: 1rem; text-align: center;\" data-mce-style=\"font-size: 1rem; text-align: center;\" data-font-size-xl=\"1.333rem\" data-font-size-md=\"1.000rem\"><span style=\"color: rgb(255, 255, 255);\" data-mce-style=\"color: rgb(255, 255, 255);\" class=\"inter_bold\">Rikke T. Christensen<br><span class=\"inter_regular\">Business development</span><br><span class=\"inter_regular\">+01 123 45 678</span><br><span style=\"text-decoration: underline;\" data-mce-style=\"text-decoration: underline;\"><span class=\"inter_regular\">rikke@email.com</span></span></span></p>"
		},
		"module": "text",
		"options": {},
		"styles": {
			"xl": {
				"padding-top": "1.6666666666666667rem",
				"padding-bottom": "1.6666666666666667rem"
			}
		},
		"motions": {
			"active": {},
			"start": {},
			"end": {}
		}
	},
	"column_s6j1llyrb": {
		"width": {
			"xl": 4
		},
		"options": {},
		"layout": {},
		"styles": {
			"xl": {}
		},
		"motions": {
			"active": {},
			"start": {},
			"end": {}
		}
	},
	"content_cqnjp9cfp": {
		"content": {
			"xl": "<p style=\"font-size: 1rem; text-align: center;\" data-mce-style=\"font-size: 1rem; text-align: center;\" data-font-size-xl=\"1.333rem\" data-font-size-md=\"1.000rem\"><span style=\"text-decoration: underline;\" data-mce-style=\"text-decoration: underline;\"><span class=\"inter_bold\" style=\"color: rgb(255, 255, 255); text-decoration: underline;\" data-mce-style=\"color: rgb(255, 255, 255); text-decoration: underline;\">Twitter</span></span></p>"
		},
		"module": "text",
		"options": {},
		"styles": {
			"xl": {
				"padding-top": "6.666666666666667rem",
				"padding-bottom": "0rem"
			},
			"sm": {
				"padding-top": "3.3333333333333335rem"
			},
			"xs": {
				"padding-top": "3.3333333333333335rem"
			}
		},
		"motions": {
			"active": {},
			"start": {},
			"end": {}
		}
	},
	"column_ygvac0kjn": {
		"width": {
			"xl": 4
		},
		"options": {},
		"layout": {},
		"styles": {
			"xl": {}
		},
		"motions": {
			"active": {},
			"start": {},
			"end": {}
		}
	},
	"content_mv73vwnbq": {
		"content": {
			"xl": "<p style=\"font-size: 1rem; text-align: center;\" data-mce-style=\"font-size: 1rem; text-align: center;\" data-font-size-xl=\"1.333rem\" data-font-size-md=\"1.000rem\"><span style=\"text-decoration: underline;\" data-mce-style=\"text-decoration: underline;\"><span class=\"inter_bold\" style=\"color: rgb(255, 255, 255); text-decoration: underline;\" data-mce-style=\"color: rgb(255, 255, 255); text-decoration: underline;\">Facebook</span></span></p>"
		},
		"module": "text",
		"options": {},
		"styles": {
			"xl": {
				"padding-top": "6.666666666666667rem"
			},
			"sm": {
				"padding-top": "1.1111111111111112rem"
			},
			"xs": {
				"padding-top": "1.1111111111111112rem"
			}
		},
		"motions": {
			"active": {},
			"start": {},
			"end": {}
		}
	},
	"column_gz8sb5dj5": {
		"width": {
			"xl": 4
		},
		"options": {},
		"layout": {},
		"styles": {
			"xl": {}
		},
		"motions": {
			"active": {},
			"start": {},
			"end": {}
		}
	},
	"content_1hx6zd1rr": {
		"content": {
			"xl": "<p style=\"font-size: 1rem; text-align: center;\" data-mce-style=\"font-size: 1rem; text-align: center;\" data-font-size-xl=\"1.333rem\" data-font-size-md=\"1.000rem\"><span style=\"text-decoration: underline;\" data-mce-style=\"text-decoration: underline;\"><span class=\"inter_bold\" style=\"color: rgb(255, 255, 255); text-decoration: underline;\" data-mce-style=\"color: rgb(255, 255, 255); text-decoration: underline;\">Instagram</span></span></p>"
		},
		"module": "text",
		"options": {},
		"styles": {
			"xl": {
				"padding-top": "6.666666666666667rem"
			},
			"sm": {
				"padding-top": "1.1111111111111112rem"
			},
			"xs": {
				"padding-top": "1.1111111111111112rem"
			}
		},
		"motions": {
			"active": {},
			"start": {},
			"end": {}
		}
	}
}