{
	"order": {
		"section_2dwgh99au": {
			"row_jbru95lue": {
				"columns": {
					"column_9ftv9kfio": ["content_6hj4vqy8t", "content_kfd9j6ddl"],
					"column_fcmck3d5s": ["content_3qdh6txyg", "content_5uapgysla"],
					"column_j5q2nsojl": [],
					"column_u3i746qsi": ["content_4l6g1ycqb", "content_s4zwry0np", "content_j0xtibhi1"]
				}
			}
		}
	},
	"section_2dwgh99au": {
		"options": {},
		"layout": {
			"data-column-mode-sm": "single",
			"data-column-mode-xs": "single"
		},
		"customHeight": {
			"xl": {
				"height": "15rem"
			}
		},
		"styles": {
			"xl": {
				"padding-top": "3.3333333333333335rem",
				"padding-bottom": "3.3333333333333335rem",
				"background-color": "#ffffff"
			}
		},
		"motions": {
			"active": {},
			"start": {},
			"end": {}
		}
	},
	"column_9ftv9kfio": {
		"width": {
			"xl": "3",
			"md": "3"
		},
		"options": {},
		"layout": {},
		"styles": {
			"xl": {}
		},
		"motions": {
			"active": {},
			"start": {},
			"end": {}
		}
	},
	"content_6hj4vqy8t": {
		"content": {
			"xl": "<p style=\"font-size: 1.778rem; line-height: 1.778rem;\" data-mce-style=\"font-size: 1.778rem; line-height: 1.778rem;\" data-font-size-xl=\"1.778rem\" data-line-height-xl=\"1.778rem\"><span class=\"inter_bold\" style=\"letter-spacing: -0.056rem;\" data-mce-style=\"letter-spacing: -0.056rem;\" data-letter-spacing-xl=\"-0.056rem\">Products</span></p>"
		},
		"module": "text",
		"options": {},
		"styles": {
			"xl": {
				"padding-top": "1.6666666666666667rem"
			}
		},
		"motions": {
			"active": {},
			"start": {},
			"end": {}
		}
	},
	"content_kfd9j6ddl": {
		"content": {
			"xl": "<p><span class=\"inter_regular\">Features</span><br><span class=\"inter_regular\">Pricing</span><br><span class=\"inter_regular\">Support</span></p>"
		},
		"module": "text",
		"options": {},
		"styles": {
			"xl": {
				"padding-top": "1.1111111111111112rem"
			}
		},
		"motions": {
			"active": {},
			"start": {},
			"end": {}
		}
	},
	"column_fcmck3d5s": {
		"width": {
			"xl": "3",
			"md": "3"
		},
		"options": {},
		"layout": {},
		"styles": {
			"xl": {}
		},
		"motions": {
			"active": {},
			"start": {},
			"end": {}
		}
	},
	"content_3qdh6txyg": {
		"content": {
			"xl": "<p style=\"font-size: 1.778rem; line-height: 1.778rem;\" data-mce-style=\"font-size: 1.778rem; line-height: 1.778rem;\" data-font-size-xl=\"1.778rem\" data-line-height-xl=\"1.778rem\"><span class=\"inter_bold\" style=\"letter-spacing: -0.056rem;\" data-mce-style=\"letter-spacing: -0.056rem;\" data-letter-spacing-xl=\"-0.056rem\">Company</span></p>"
		},
		"module": "text",
		"options": {},
		"styles": {
			"xl": {
				"padding-top": "1.6666666666666667rem"
			}
		},
		"motions": {
			"active": {},
			"start": {},
			"end": {}
		}
	},
	"content_5uapgysla": {
		"content": {
			"xl": "<p><span class=\"inter_regular\">About us<br>Team<br>Contact</span></p>"
		},
		"module": "text",
		"options": {},
		"styles": {
			"xl": {
				"padding-top": "1.1111111111111112rem"
			}
		},
		"motions": {
			"active": {},
			"start": {},
			"end": {}
		}
	},
	"column_j5q2nsojl": {
		"width": {
			"xl": "2",
			"md": "1"
		},
		"options": {},
		"layout": {},
		"styles": {
			"xl": {}
		},
		"motions": {
			"active": {},
			"start": {},
			"end": {}
		},
		"type": "spacer"
	},
	"column_u3i746qsi": {
		"width": {
			"xl": "4",
			"md": "4"
		},
		"options": {},
		"layout": {},
		"styles": {
			"xl": {}
		},
		"motions": {
			"active": {},
			"start": {},
			"end": {}
		}
	},
	"content_4l6g1ycqb": {
		"content": {
			"xl": "<p style=\"font-size: 1.778rem; line-height: 1.778rem;\" data-mce-style=\"font-size: 1.778rem; line-height: 1.778rem;\" data-font-size-xl=\"1.778rem\" data-line-height-xl=\"1.778rem\"><span class=\"inter_bold\" style=\"letter-spacing: -0.056rem;\" data-mce-style=\"letter-spacing: -0.056rem;\" data-letter-spacing-xl=\"-0.056rem\">Subscribe</span></p>"
		},
		"module": "text",
		"options": {},
		"styles": {
			"xl": {
				"padding-top": "1.6666666666666667rem"
			}
		},
		"motions": {
			"active": {},
			"start": {},
			"end": {}
		}
	},
	"content_s4zwry0np": {
		"content": {
			"xl": "<p><span class=\"inter_regular\">Get access to latest news and all the features by subcribing here.</span></p>"
		},
		"module": "text",
		"options": {},
		"styles": {
			"xl": {
				"padding-top": "1.1111111111111112rem"
			}
		},
		"motions": {
			"active": {},
			"start": {},
			"end": {}
		}
	},
	"content_j0xtibhi1": {
		"content": {
			"xl": ""
		},
		"module": "mailchimp",
		"options": {
			"fname": "disabled",
			"input_padding_ver": "0.6666666666666666rem"
		},
		"styles": {
			"xl": {
				"padding-top": "1.1111111111111112rem"
			},
			"md": {
				"padding-left": "0rem",
				"padding-right": "0rem"
			}
		},
		"motions": {
			"active": {},
			"start": {},
			"end": {}
		}
	}
}