{
	"order": {
		"section_6c5jcfh1h": {
			"row_n175e571x": {
				"columns": {
					"column_kvawcgqnp": ["content_egmttb5vd", "content_anio6gob6"]
				}
			}
		}
	},
	"section_6c5jcfh1h": {
		"options": {},
		"layout": {
			"data-column-mode-sm": "single",
			"data-column-mode-xs": "single",
			"data-height": "fullscreen",
			"data-valign": "center",
			"data-justify": "center"
		},
		"customHeight": {
			"xl": {
				"height": "15rem"
			}
		},
		"styles": {
			"xl": {
				"background_type": "img",
				"background-size": "cover",
				"background-image": "semplice_fullscreen_image_3.jpg"
			}
		},
		"motions": {
			"active": {},
			"start": {},
			"end": {}
		}
	},
	"column_kvawcgqnp": {
		"width": {
			"xl": "7",
			"lg": "8",
			"md": "10"
		},
		"options": {},
		"layout": {},
		"styles": {
			"xl": {}
		},
		"motions": {
			"active": {},
			"start": {},
			"end": {}
		}
	},
	"content_egmttb5vd": {
		"content": {
			"xl": "<p style=\"font-size: 5.889rem; line-height: 5.889rem; text-align: center;\" data-mce-style=\"font-size: 5.889rem; line-height: 5.889rem; text-align: center;\" data-font-size-xl=\"7.222rem\" data-line-height-xl=\"7.222rem\" data-font-size-xs=\"3.667rem\" data-line-height-xs=\"3.667rem\" data-font-size-sm=\"5.889rem\" data-line-height-sm=\"5.889rem\"><span class=\"inter_bold\" style=\"color: rgb(255, 255, 255); letter-spacing: -0.194rem;\" data-mce-style=\"color: rgb(255, 255, 255); letter-spacing: -0.194rem;\" data-letter-spacing-xl=\"-0.194rem\" data-letter-spacing-xs=\"-0.056rem\">Concrete Human</span></p>"
		},
		"module": "text",
		"options": {},
		"styles": {
			"xl": {
				"padding-top": "0rem"
			},
			"sm": {
				"padding-top": "8.88888888888889rem"
			},
			"xs": {
				"padding-top": "8.88888888888889rem"
			}
		},
		"motions": {
			"active": {},
			"start": {},
			"end": {}
		}
	},
	"content_anio6gob6": {
		"content": {
			"xl": "<p style=\"text-align: center;\" data-mce-style=\"text-align: center;\"><span style=\"letter-spacing: 0rem; color: rgb(255, 255, 255);\" data-mce-style=\"letter-spacing: 0rem; color: #ffffff;\" data-letter-spacing-xl=\"0.000rem\" class=\"inter_regular\">Hey there, this is the default text for a new paragraph. Feel free to edit this paragraph by clicking on the yellow edit icon. After you are done just click on the yellow checkmark button on the top right. Have Fun!</span></p>"
		},
		"module": "text",
		"options": {},
		"styles": {
			"xl": {
				"padding-top": "1.6666666666666667rem",
				"padding-bottom": "0rem"
			},
			"sm": {
				"padding-bottom": "8.88888888888889rem"
			},
			"xs": {
				"padding-bottom": "8.88888888888889rem"
			}
		},
		"motions": {
			"active": {},
			"start": {},
			"end": {}
		}
	}
}