{
	"order": {
		"section_r6akc12e5": {
			"row_ieaqpc3yv": {
				"columns": {
					"column_cppnah8ad": ["content_kx2spv00i", "content_39zrsf2l0"]
				}
			},
			"row_imfexf9cl": {
				"columns": {
					"column_4ans7glsl": ["content_23bgn0mqn", "content_vsu4w2tdl", "content_fc4hychxn", "content_7015covm7", "content_3b17fgnjc", "content_fh2m7n2qk"],
					"column_8y68icrli": ["content_sa79r59z5", "content_kgijgs5if", "content_637p4cs4w", "content_l4n83ac44", "content_2b3vteci0", "content_i0101mxou"]
				}
			}
		}
	},
	"section_r6akc12e5": {
		"options": {},
		"layout": {
			"data-column-mode-sm": "single",
			"data-column-mode-xs": "single"
		},
		"customHeight": {
			"xl": {
				"height": "15rem"
			}
		},
		"styles": {
			"xl": {
				"padding-top": "6.666666666666667rem",
				"padding-bottom": "6.666666666666667rem",
				"background-color": "#ffffff"
			}
		},
		"motions": {
			"active": {},
			"start": {},
			"end": {}
		}
	},
	"column_cppnah8ad": {
		"width": {
			"xl": 12
		},
		"options": {},
		"layout": {},
		"styles": {
			"xl": {}
		},
		"motions": {
			"active": {},
			"start": {},
			"end": {}
		}
	},
	"content_kx2spv00i": {
		"content": {
			"xl": ""
		},
		"module": "spacer",
		"options": {
			"height": "0.2222222222222222rem",
			"background-color": "#000000"
		},
		"styles": {
			"xl": {
				"padding-bottom": "0.5555555555555556rem"
			}
		},
		"motions": {
			"active": {},
			"start": {},
			"end": {}
		}
	},
	"content_39zrsf2l0": {
		"content": {
			"xl": "<p style=\"font-size: 1.667rem;\" data-mce-style=\"font-size: 1.667rem;\" data-font-size-xl=\"1.667rem\"><span class=\"inter_bold\">Interviews</span></p>"
		},
		"module": "text",
		"options": {},
		"styles": {
			"xl": {
				"padding-bottom": "1.6666666666666667rem"
			}
		},
		"motions": {
			"active": {},
			"start": {},
			"end": {}
		}
	},
	"column_4ans7glsl": {
		"width": {
			"xl": 6
		},
		"options": {},
		"layout": {},
		"styles": {
			"xl": {}
		},
		"motions": {
			"active": {},
			"start": {},
			"end": {}
		}
	},
	"content_23bgn0mqn": {
		"content": {
			"xl": "<p><span class=\"inter_regular\">Designer of the week</span></p>"
		},
		"module": "text",
		"options": {},
		"styles": {
			"xl": {}
		},
		"motions": {
			"active": {},
			"start": {},
			"end": {}
		}
	},
	"content_vsu4w2tdl": {
		"content": {
			"xl": ""
		},
		"module": "spacer",
		"options": {
			"height": "0.05555555555555555rem",
			"background-color": "#e2e2e2"
		},
		"styles": {
			"xl": {
				"padding-bottom": "1.1111111111111112rem",
				"padding-top": "1.1111111111111112rem"
			}
		},
		"motions": {
			"active": {},
			"start": {},
			"end": {}
		}
	},
	"content_fc4hychxn": {
		"content": {
			"xl": "<p><span class=\"inter_regular\">Where do I find inspiration</span></p>"
		},
		"module": "text",
		"options": {},
		"styles": {
			"xl": {}
		},
		"motions": {
			"active": {},
			"start": {},
			"end": {}
		}
	},
	"content_7015covm7": {
		"content": {
			"xl": ""
		},
		"module": "spacer",
		"options": {
			"height": "0.05555555555555555rem",
			"background-color": "#e2e2e2"
		},
		"styles": {
			"xl": {
				"padding-bottom": "1.1111111111111112rem",
				"padding-top": "1.1111111111111112rem"
			}
		},
		"motions": {
			"active": {},
			"start": {},
			"end": {}
		}
	},
	"content_3b17fgnjc": {
		"content": {
			"xl": "<p><span class=\"inter_regular\">How to become a better designer</span></p>"
		},
		"module": "text",
		"options": {},
		"styles": {
			"xl": {}
		},
		"motions": {
			"active": {},
			"start": {},
			"end": {}
		}
	},
	"content_fh2m7n2qk": {
		"content": {
			"xl": ""
		},
		"module": "spacer",
		"options": {
			"height": "0.05555555555555555rem",
			"background-color": "#e2e2e2"
		},
		"styles": {
			"xl": {
				"padding-bottom": "1.1111111111111112rem",
				"padding-top": "1.1111111111111112rem"
			}
		},
		"motions": {
			"active": {},
			"start": {},
			"end": {}
		}
	},
	"column_8y68icrli": {
		"width": {
			"xl": 6
		},
		"options": {},
		"layout": {},
		"styles": {
			"xl": {}
		},
		"motions": {
			"active": {},
			"start": {},
			"end": {}
		}
	},
	"content_sa79r59z5": {
		"content": {
			"xl": "<p><span class=\"inter_regular\">Design rising star</span></p>"
		},
		"module": "text",
		"options": {},
		"styles": {
			"xl": {}
		},
		"motions": {
			"active": {},
			"start": {},
			"end": {}
		}
	},
	"content_kgijgs5if": {
		"content": {
			"xl": ""
		},
		"module": "spacer",
		"options": {
			"height": "0.05555555555555555rem",
			"background-color": "#e2e2e2"
		},
		"styles": {
			"xl": {
				"padding-bottom": "1.1111111111111112rem",
				"padding-top": "1.1111111111111112rem"
			}
		},
		"motions": {
			"active": {},
			"start": {},
			"end": {}
		}
	},
	"content_637p4cs4w": {
		"content": {
			"xl": "<p><span class=\"inter_regular\">My favrite books to read</span></p>"
		},
		"module": "text",
		"options": {},
		"styles": {
			"xl": {}
		},
		"motions": {
			"active": {},
			"start": {},
			"end": {}
		}
	},
	"content_l4n83ac44": {
		"content": {
			"xl": ""
		},
		"module": "spacer",
		"options": {
			"height": "0.05555555555555555rem",
			"background-color": "#e2e2e2"
		},
		"styles": {
			"xl": {
				"padding-bottom": "1.1111111111111112rem",
				"padding-top": "1.1111111111111112rem"
			}
		},
		"motions": {
			"active": {},
			"start": {},
			"end": {}
		}
	},
	"content_2b3vteci0": {
		"content": {
			"xl": "<p><span class=\"inter_regular\">Top spots of my city</span></p>"
		},
		"module": "text",
		"options": {},
		"styles": {
			"xl": {}
		},
		"motions": {
			"active": {},
			"start": {},
			"end": {}
		}
	},
	"content_i0101mxou": {
		"content": {
			"xl": ""
		},
		"module": "spacer",
		"options": {
			"height": "0.05555555555555555rem",
			"background-color": "#e2e2e2"
		},
		"styles": {
			"xl": {
				"padding-bottom": "1.1111111111111112rem",
				"padding-top": "1.1111111111111112rem"
			}
		},
		"motions": {
			"active": {},
			"start": {},
			"end": {}
		}
	}
}