{
	"order": {
		"section_7eh0zy8bp": {
			"row_xwy9cn6jk": {
				"columns": {
					"column_706xbm8f7": ["content_xftvtdgz6"]
				}
			},
			"row_jowgpzv2l": {
				"columns": {
					"column_eubns4tun": ["content_i3058v7nr"]
				}
			},
			"row_rzvcku8xn": {
				"columns": {
					"column_hyvjw2nlc": ["content_bsj7qaaej"]
				}
			}
		}
	},
	"section_7eh0zy8bp": {
		"options": {},
		"layout": {
			"data-column-mode-sm": "single",
			"data-column-mode-xs": "single",
			"data-justify": "center"
		},
		"customHeight": {
			"xl": {
				"height": "15rem"
			}
		},
		"styles": {
			"xl": {
				"background-color": "#efcdb8",
				"padding-top": "6.666666666666667rem",
				"padding-bottom": "6.666666666666667rem"
			}
		},
		"motions": {
			"active": {},
			"start": {},
			"end": {}
		}
	},
	"column_706xbm8f7": {
		"width": {
			"xl": "2"
		},
		"options": {},
		"layout": {},
		"styles": {
			"xl": {}
		},
		"motions": {
			"active": {},
			"start": {},
			"end": {}
		}
	},
	"content_xftvtdgz6": {
		"content": {
			"xl": "semplice_profile_2.png"
		},
		"module": "image",
		"options": {
			"align": "center"
		},
		"styles": {
			"xl": {},
			"sm": {
				"padding-right": "10rem",
				"padding-left": "10rem"
			},
			"xs": {
				"padding-right": "6.666666666666667rem",
				"padding-left": "6.666666666666667rem"
			}
		},
		"motions": {
			"active": {},
			"start": {},
			"end": {}
		}
	},
	"column_eubns4tun": {
		"width": {
			"xl": "12"
		},
		"options": {},
		"layout": {},
		"styles": {
			"xl": {}
		},
		"motions": {
			"active": {},
			"start": {},
			"end": {}
		}
	},
	"content_i3058v7nr": {
		"content": {
			"xl": "<p style=\"font-size: 4rem; line-height: 4rem; text-align: center;\" data-mce-style=\"font-size: 4rem; line-height: 4rem; text-align: center;\" data-font-size-xl=\"5.333rem\" data-line-height-xl=\"5.333rem\" data-font-size-xs=\"2.333rem\" data-line-height-xs=\"2.333rem\" data-font-size-sm=\"4.000rem\" data-line-height-sm=\"4.000rem\"><span class=\"inter_bold\" style=\"letter-spacing: -0.222rem; color: rgb(149, 87, 50);\" data-mce-style=\"letter-spacing: -0.222rem; color: rgb(149, 87, 50);\" data-letter-spacing-xl=\"-0.222rem\" data-letter-spacing-xs=\"-0.083rem\">Jazmin Garcia</span></p>"
		},
		"module": "text",
		"options": {},
		"styles": {
			"xl": {
				"padding-top": "1.6666666666666667rem"
			}
		},
		"motions": {
			"active": {},
			"start": {},
			"end": {}
		}
	},
	"column_hyvjw2nlc": {
		"width": {
			"xl": "6"
		},
		"options": {},
		"layout": {},
		"styles": {
			"xl": {}
		},
		"motions": {
			"active": {},
			"start": {},
			"end": {}
		}
	},
	"content_bsj7qaaej": {
		"content": {
			"xl": "<p style=\"text-align: center;\" data-mce-style=\"text-align: center;\"><span style=\"color: rgb(149, 87, 50);\" data-mce-style=\"color: #955732;\" class=\"inter_regular\">Hey there, this is the default text for a new paragraph. Feel free to edit this paragraph by clicking on the yellow edit icon. After you are done just click on the yellow checkmark button on the top right. Have Fun!</span></p>"
		},
		"module": "text",
		"options": {},
		"styles": {
			"xl": {
				"padding-top": "1.1111111111111112rem"
			}
		},
		"motions": {
			"active": {},
			"start": {},
			"end": {}
		}
	}
}