{
	"order": {
		"section_h636s8096": {
			"row_fqpw8ldcp": {
				"columns": {
					"column_0xrsg3nii": ["content_gyoax9w1p", "content_pys602la8"]
				}
			},
			"row_pwmtveb3b": {
				"columns": {
					"column_veh3r65i9": ["content_9a2j19tps"]
				}
			}
		}
	},
	"section_h636s8096": {
		"options": {},
		"layout": {
			"data-column-mode-sm": "single",
			"data-column-mode-xs": "single"
		},
		"customHeight": {
			"xl": {
				"height": "15rem"
			}
		},
		"styles": {
			"xl": {
				"padding-top": "4.444444444444445rem",
				"padding-bottom": "4.444444444444445rem",
				"background-color": "#ffffff"
			}
		},
		"motions": {
			"active": {},
			"start": {},
			"end": {}
		}
	},
	"column_0xrsg3nii": {
		"width": {
			"xl": "10"
		},
		"options": {},
		"layout": {},
		"styles": {
			"xl": {}
		},
		"motions": {
			"active": {},
			"start": {},
			"end": {}
		}
	},
	"content_gyoax9w1p": {
		"content": {
			"xl": "<p style=\"font-size: 2rem; line-height: 2.444rem;\" data-mce-style=\"font-size: 2rem; line-height: 2.444rem;\" data-font-size-xl=\"2.000rem\" data-line-height-xl=\"2.444rem\"><span class=\"inter_bold\">About us</span></p>"
		},
		"module": "text",
		"options": {},
		"styles": {
			"xl": {}
		},
		"motions": {
			"active": {},
			"start": {},
			"end": {}
		}
	},
	"content_pys602la8": {
		"content": {
			"xl": "<p style=\"font-size: 2rem; line-height: 2.444rem;\" data-mce-style=\"font-size: 2rem; line-height: 2.444rem;\" data-font-size-xl=\"2.000rem\" data-line-height-xl=\"2.444rem\"><span class=\"inter_regular\">Our agency was founded in 2018 by award winning designer <span class=\"inter_bold\">Sergio Rambotta</span>. Curabitur ac orci eu tellus placerat accumsan. Ut enim ligula.</span></p>"
		},
		"module": "text",
		"options": {},
		"styles": {
			"xl": {
				"padding-bottom": "2.7777777777777777rem",
				"padding-top": "1.1111111111111112rem"
			}
		},
		"motions": {
			"active": {},
			"start": {},
			"end": {}
		}
	},
	"column_veh3r65i9": {
		"width": {
			"xl": "12"
		},
		"options": {},
		"layout": {},
		"styles": {
			"xl": {}
		},
		"motions": {
			"active": {},
			"start": {},
			"end": {}
		}
	},
	"content_9a2j19tps": {
		"content": {
			"xl": "semplice_profile_4.jpg"
		},
		"module": "image",
		"options": {},
		"styles": {
			"xl": {}
		},
		"motions": {
			"active": {},
			"start": {},
			"end": {}
		}
	}
}