{
	"order": {
		"section_6konr5jwq": {
			"row_zrajkazi6": {
				"columns": {
					"column_yzxe6cbj1": ["content_es3urnud0", "content_cfo2nf4z2", "content_ubok1cf4h"]
				}
			}
		}
	},
	"section_6konr5jwq": {
		"options": {},
		"layout": {
			"data-column-mode-sm": "single",
			"data-column-mode-xs": "single",
			"data-justify": "center",
			"data-layout": "grid",
			"data-height": "fullscreen",
			"data-valign": "center"
		},
		"customHeight": {
			"xl": {
				"height": "15rem"
			}
		},
		"styles": {
			"xl": {
				"background_type": "img",
				"background-image": "semplice_quotes_1.jpg",
				"background-size": "cover",
				"background-position": "50% 50%"
			}
		},
		"motions": {
			"active": {},
			"start": {},
			"end": {}
		}
	},
	"column_yzxe6cbj1": {
		"width": {
			"xl": "10"
		},
		"options": {},
		"layout": {},
		"styles": {
			"xl": {}
		},
		"motions": {
			"active": {},
			"start": {},
			"end": {}
		}
	},
	"content_es3urnud0": {
		"content": {
			"xl": "<p style=\"font-size: 2rem; text-align: center; line-height: 2rem;\" data-mce-style=\"font-size: 2rem; text-align: center; line-height: 2rem;\" data-font-size-xl=\"3.333rem\" data-line-height-xl=\"4.000rem\" data-font-size-xs=\"2.000rem\" data-line-height-xs=\"2.000rem\"><span class=\"inter_bold\">Quisque congue lacinia nisi sit amet semper. Curabitur pellentesque luctus arcu.</span></p>"
		},
		"module": "text",
		"options": {},
		"styles": {
			"xl": {
				"padding-bottom": "0rem",
				"padding-top": "0rem"
			},
			"sm": {
				"padding-top": "4.444444444444445rem"
			},
			"xs": {
				"padding-top": "3.3333333333333335rem"
			}
		},
		"motions": {
			"active": {},
			"start": {},
			"end": {}
		}
	},
	"content_cfo2nf4z2": {
		"content": {
			"xl": "semplice_quotes_3.svg"
		},
		"module": "image",
		"options": {
			"align": "center"
		},
		"styles": {
			"xl": {
				"padding-top": "1.1111111111111112rem"
			}
		},
		"motions": {
			"active": {},
			"start": {},
			"end": {}
		}
	},
	"content_ubok1cf4h": {
		"content": {
			"xl": "<p style=\"text-align: center; font-size: 1.333rem;\" data-mce-style=\"text-align: center; font-size: 1.333rem;\" data-font-size-xl=\"1.333rem\"><span class=\"inter_bold\">Charles A. Toro</span></p>"
		},
		"module": "text",
		"options": {},
		"styles": {
			"xl": {
				"padding-top": "1.1111111111111112rem",
				"padding-bottom": "0rem"
			},
			"sm": {
				"padding-bottom": "4.444444444444445rem"
			},
			"xs": {
				"padding-bottom": "3.3333333333333335rem"
			}
		},
		"motions": {
			"active": {},
			"start": {},
			"end": {}
		}
	}
}