{
	"order": {
		"section_ijb7ixnon": {
			"row_80de9ec43": {
				"columns": {
					"column_6uyv9fi6r": ["content_xbgskqv9l", "content_kcfgwkhlr", "content_4dxdievkc"]
				}
			}
		}
	},
	"section_ijb7ixnon": {
		"options": {},
		"layout": {
			"data-column-mode-sm": "single",
			"data-column-mode-xs": "single",
			"data-height": "fullscreen",
			"data-valign": "center",
			"data-justify": "right"
		},
		"customHeight": {
			"xl": {
				"height": "15rem"
			}
		},
		"styles": {
			"xl": {
				"background_type": "img",
				"background-image": "semplice_quotes_2.jpg",
				"background-size": "cover",
				"background-position": "0% 0%"
			}
		},
		"motions": {
			"active": {},
			"start": {},
			"end": {}
		}
	},
	"column_6uyv9fi6r": {
		"width": {
			"xl": "8",
			"lg": "11",
			"md": "12"
		},
		"options": {},
		"layout": {},
		"styles": {
			"xl": {}
		},
		"motions": {
			"active": {},
			"start": {},
			"end": {}
		}
	},
	"content_xbgskqv9l": {
		"content": {
			"xl": "semplice_quotes_4.svg"
		},
		"module": "image",
		"options": {},
		"styles": {
			"xl": {},
			"lg": {
				"padding-top": "6.666666666666667rem"
			},
			"md": {
				"padding-top": "6.666666666666667rem"
			},
			"sm": {
				"padding-top": "10rem"
			},
			"xs": {
				"padding-top": "6.666666666666667rem"
			}
		},
		"motions": {
			"active": {},
			"start": {},
			"end": {}
		}
	},
	"content_kcfgwkhlr": {
		"content": {
			"xl": "<p style=\"font-size: 3.333rem; line-height: 4rem; text-align: left;\" data-mce-style=\"font-size: 3.333rem; line-height: 4rem; text-align: left;\" data-font-size-xl=\"3.333rem\" data-line-height-xl=\"4.000rem\" data-font-size-xs=\"2.000rem\" data-line-height-xs=\"2.000rem\"><span class=\"inter_bold\" style=\"color: rgb(255, 255, 255);\" data-mce-style=\"color: #ffffff;\">Quisque congue lacinia nisi sit amet semper. Curabitur pellentesque luctus arcu.</span></p>"
		},
		"module": "text",
		"options": {},
		"styles": {
			"xl": {
				"padding-bottom": "0rem",
				"padding-top": "0.5555555555555556rem"
			},
			"sm": {
				"padding-top": "1.6666666666666667rem"
			},
			"xs": {
				"padding-top": "1.6666666666666667rem"
			},
			"lg": {
				"padding-top": "1.6666666666666667rem"
			}
		},
		"motions": {
			"active": {},
			"start": {},
			"end": {}
		}
	},
	"content_4dxdievkc": {
		"content": {
			"xl": "<p style=\"font-size: 1.333rem; text-align: left;\" data-mce-style=\"font-size: 1.333rem; text-align: left;\" data-font-size-xl=\"1.333rem\"><span class=\"inter_bold\" style=\"color: rgb(255, 255, 255);\" data-mce-style=\"color: #ffffff;\">Charles A. Toro</span></p>"
		},
		"module": "text",
		"options": {},
		"styles": {
			"xl": {
				"padding-top": "1.1111111111111112rem",
				"padding-bottom": "0rem"
			},
			"sm": {
				"padding-bottom": "4.444444444444445rem"
			},
			"xs": {
				"padding-bottom": "3.3333333333333335rem"
			}
		},
		"motions": {
			"active": {},
			"start": {},
			"end": {}
		}
	}
}